업종그룹,순위,종목코드,종목명,현재가,대비구분,대비가,대비율,조회수치,조회비중
282,1,USAAAPL,애플,238.4,2,0.53,0.22,3526219,6.51
163,2,USANVDA,엔비디아,136.12,5,-0.12,-0.09,3226802,5.96
172,3,USAMSFT,마이크로소프트,426.9,2,0.59,0.14,3090456,5.71
172,4,USAGOOGL,알파벳 Class A,195.39,5,-0.16,-0.08,2321628,4.29
201,5,USAAMZN,아마존닷컴,223.38,2,0.03,0.01,2289748,4.23
172,6,USAMETA,메타 플랫폼스,612,5,-5.12,-0.83,1500177,2.77
71,7,USATSLA,테슬라,425.27,5,-2.95,-0.69,1272339,2.35
163,8,USAAVGO,브로드컴,228.5,2,0.5,0.22,1053248,1.94
163,9,USATSM,타이완 반도체 매뉴팩처링 ADR,210.8,2,4,1.93,1044829,1.93
122,10,USAWMT,월마트,91.59,2,0.25,0.27,729351,1.35
157,11,USALLY,일라이 릴리,745.06,5,-1.68,-0.22,707154,1.31
127,12,USAJPM,제이피모간체이스,252.46,2,0.11,0.04,696712,1.29
172,13,USAV,비자,316.46,2,0.18,0.06,606135,1.12
153,14,USAUNH,유나이티드헬스 그룹,546.84,2,3.42,0.63,500395,0.92
5,15,USAXOM,엑슨 모빌,111.5,5,-0.01,-0.01,482229,0.89
172,16,USAMA,마스터카드,521.78,5,-0.57,-0.11,467194,0.86
172,17,USAORCL,오라클,159.75,2,1.44,0.91,437192,0.81
201,18,USACOST,코스트코 홀세일,924.48,2,0.98,0.11,407157,0.75
202,19,USAHD,홈디포,406.5,2,0.41,0.1,390172,0.72
117,20,USAPG,프록터 & 갬블,159.76,2,0.11,0.07,376194,0.69
157,21,USANVO,노보 노디스크 ADR,83.34,2,0.42,0.51,358564,0.66
172,22,USANFLX,넷플릭스,855,2,6.74,0.79,354106,0.65
127,23,USABAC,뱅크오브아메리카,47.48,2,0.38,0.81,351264,0.65
157,24,USAJNJ,존슨앤드존슨,145.26,2,0.29,0.2,348503,0.64
157,25,USAABBV,애브비,171.35,3,0,0,310221,0.57
172,26,USACRM,세일즈포스,321.63,2,0.47,0.15,309627,0.57
5,27,USACVX,셰브론,158.46,2,0.13,0.08,281963,0.52
108,28,USAKO,코카콜라,61.88,2,0.11,0.18,267255,0.49
157,29,USAMRK,머크 앤 코,99.9,5,-0.19,-0.19,252078,0.47
177,30,USATMUS,T-모바일 US,214.18,5,-0.02,-0.01,248553,0.46
127,31,USAWFC,웰스파고,76.11,2,0.16,0.21,238165,0.44
280,32,USACSCO,시스코 시스템즈,60.08,2,0.1,0.17,236297,0.44
172,33,USAACN,액센추어,348.99,5,-0.74,-0.21,235631,0.43
150,34,USATMO,써모 피셔 사이언티픽,542.495,5,-8.975,-1.63,213048,0.39
172,35,USANOW,서비스나우,1040,5,-14.13,-1.34,212772,0.39
127,36,USAAXP,아메리칸 익스프레스,309.25,5,-3.07,-0.98,211587,0.39
14,37,USALIN,린드,427.98,3,0,0,203457,0.38
87,38,USAMCD,맥도날드,282.55,2,0.25,0.09,201780,0.37
172,39,USAIBM,인터내셔날 비지니스 머신,221,2,0.97,0.44,201341,0.37
263,40,USAMS,모간스탠리,132,2,1.45,1.11,200767,0.37
108,41,USAPEP,펩시코,145.36,2,0.58,0.4,198869,0.37
150,42,USAABT,애보트 래보라토리,110.87,5,-0.23,-0.21,196028,0.36
259,43,USADIS,월트 디즈니,108.41,2,0.23,0.21,195798,0.36
150,44,USAISRG,인튜이티브 서지컬,580.3,2,0.19,0.03,191937,0.35
36,45,USAGE,GE 에어로스페이스,180.74,2,0.45,0.25,191414,0.35
163,46,USAAMD,어드밴스드 마이크로 디바이시스(AMD),120.41,2,0.45,0.38,188391,0.35
112,47,USAPM,필립 모리스 인터내셔널,118.66,2,0.15,0.13,184201,0.34
172,48,USAADBE,어도비,417.41,2,0.13,0.03,181674,0.34
263,49,USAGS,골드만삭스,608.11,2,2.19,0.36,179408,0.33
236,50,USACAT,캐터필러,375.01,2,0.12,0.03,179394,0.33
163,51,USAQCOM,퀄컴,164.46,2,0.05,0.03,177237,0.33
163,52,USATXN,텍사스 인스트루먼트,197.71,2,0.2,0.1,176513,0.33
294,53,USAINTU,인튜이트,620.46,5,-0.99,-0.16,174612,0.32
150,54,USADHR,다나허,244.29,2,6.32,2.66,171627,0.32
144,55,USAAMT,아메리칸 타워,180.2,5,-0.12,-0.07,167100,0.31
177,56,USAVZ,버라이존 커뮤니케이션스,38.3,2,0.12,0.31,161144,0.3
36,57,USARTX,RTX,119.98,2,0.89,0.75,159016,0.29
87,58,USABKNG,부킹 홀딩스,4845.3,2,15.66,0.32,158162,0.29
177,59,USAT,AT&T,22,2,0.09,0.41,156421,0.29
242,60,USASPGI,S&P 글로벌,498.68,2,2.16,0.44,150331,0.28
172,61,USAPLTR,팔란티어 테크놀로지스,68.65,2,0.51,0.75,150144,0.28
157,62,USAPFE,화이자,26.27,2,0.05,0.19,149665,0.28
263,63,USABLK,블랙록,1015.99,2,2.81,0.28,149174,0.28
280,64,USAANET,아리스타 네트웍스,114.98,5,-1.12,-0.96,144758,0.27
157,65,USAAMGN,암젠,268.78,5,-0.16,-0.06,143574,0.27
54,66,USAHON,허니웰 인터내셔널,219.81,2,0.27,0.12,142079,0.26
202,67,USALOW,로우스 컴퍼니,258.8464,2,2.1264,0.83,141834,0.26
163,68,USAAMAT,어플라이드 머티어리얼즈,178.91,2,0.53,0.3,141296,0.26
150,69,USABSX,보스턴 사이언티픽,97,2,0.11,0.11,140971,0.26
136,70,USAPGR,프로그레시브,242.47,3,0,0,140454,0.26
182,71,USANEE,넥스트에라 에너지,68.54,5,-0.75,-1.08,139766,0.26
177,72,USACMCSA,컴캐스트,36.57,2,0.07,0.19,139553,0.26
244,73,USAUNP,유니온 퍼시픽,231.7385,2,0.8785,0.38,139063,0.26
263,74,USAC,씨티그룹,78.5,2,0.23,0.29,139007,0.26
150,75,USASYK,스트라이커,369,2,0.39,0.11,138305,0.26
172,76,USAUBER,우버 테크놀로지스,67.25,2,0.23,0.34,136534,0.25
5,77,USACOP,코노코필립스,106,2,0.52,0.49,135668,0.25
236,78,USAETN,이튼,342.59,2,0.01,0,134423,0.25
201,79,USATJX,TJX 컴퍼니스,120,2,0.89,0.75,134044,0.25
263,80,USASCHW,찰스 슈왑,73.8653,2,0.2053,0.28,132422,0.24
263,81,USAKKR,KKR & Co,150.5,3,0,0,127594,0.24
36,82,USABA,보잉,166.55,2,0.35,0.21,124960,0.23
263,83,USABX,블랙스톤,176.24,2,1.1,0.63,122249,0.23
172,84,USAADP,오토매틱 데이터 프로세싱,293,5,-0.37,-0.13,118851,0.22
236,85,USADE,디어 앤 코,437,2,8.12,1.89,117404,0.22
242,86,USAFI,파이서브,202.4,5,-1.85,-0.91,116326,0.21
36,87,USALMT,록히드 마틴,485.77,2,1.8,0.37,114834,0.21
157,88,USAGILD,길리어드 사이언스,92.32,5,-0.06,-0.06,113410,0.21
157,89,USABMY,브리스톨-마이어스 스큅,55.95,2,0.04,0.07,113050,0.21
172,90,USAPANW,팔로 알토 네트웍스,174.52,2,0.33,0.19,111934,0.21
150,91,USAMDT,메드트로닉,85.53,2,0.13,0.15,109314,0.2
163,92,USAMU,마이크론 테크놀로지,103.29,2,0.1,0.1,108475,0.2
244,93,USAUPS,유나이티드 파셀 서비스,127.31,5,-0.16,-0.13,107388,0.2
136,94,USACB,처브,268.5,2,0.09,0.03,107026,0.2
163,95,USAADI,애널로그 디바이시스,218.7,2,0.48,0.22,106530,0.2
218,96,USAVRTX,버텍스 파마슈티컬,424.72,2,0.46,0.11,106014,0.2
87,97,USASBUX,스타벅스,93.1,2,0.02,0.02,105522,0.19
182,98,USAGEV,GE 버노바,388.21,2,1.18,0.3,105371,0.19
82,99,USANKE,나이키,71.3,2,0.23,0.32,105269,0.19
136,100,USAMMC,마쉬 앤 맥레넌 컴퍼니,212.59,3,0,0,104790,0.19
144,101,USAPLD,프로로지스,108.21,2,0.36,0.33,100138,0.18
163,102,USALRCX,램 리서치,76.39,2,0.24,0.32,96578,0.18
163,103,USAKLAC,KLA,716.65,2,0.4,0.06,93800,0.17
172,104,USAINFY,인포시스 ADR,22.73,5,-0.16,-0.7,93237,0.17
150,105,USACOR,센코라,238.02,2,0.35,0.15,93193,0.17
153,106,USAELV,엘레반스 헬스,389,5,-0.29,-0.07,91182,0.17
182,107,USACEG,콘스텔레이션 에너지,301.06,2,0.29,0.1,90348,0.17
263,108,USAAPO,아폴로 글로벌 매니지먼트,166.48,2,1.63,0.99,90151,0.17
182,109,USASO,서던,81.9,5,-0.44,-0.53,89900,0.17
242,110,USAPYPL,페이팔 홀딩스,89.97,2,0.33,0.37,87401,0.16
112,111,USAMO,알트리아그룹,51.08,2,0.04,0.08,87045,0.16
144,112,USAEQIX,이퀴닉스,898.629,5,-1.381,-0.15,86655,0.16
236,113,USATT,트레인 테크놀로지,385.01,5,-0.54,-0.14,86118,0.16
14,114,USASHW,셔윈-윌리엄즈,346.95,2,0.02,0.01,86043,0.16
172,115,USACRWD,크라우드 스트라이크 홀딩스,362.1,2,0.08,0.02,85726,0.16
288,116,USAAPH,암페놀,70.69,5,-0.26,-0.37,84718,0.16
5,117,USABP,BP ADR,31.3499,2,0.0499,0.16,84267,0.16
172,118,USAMSTR,마이크로스트래티지,358.8,5,-1.82,-0.5,84098,0.16
242,119,USAMCO,무디스,472.5625,2,1.2125,0.26,83819,0.15
263,120,USACME,CME 그룹,233.98,2,6.1,2.68,83506,0.15
263,121,USAICE,인터컨티넨털 익스체인지,148.22,5,-0.02,-0.01,83399,0.15
236,122,USAPH,파커-하니핀,655.34,5,-0.98,-0.15,83283,0.15
242,123,USAWM,웨이스트 매니지먼트,208.01,2,0.01,0,83150,0.15
163,124,USAINTC,인텔,19.74,2,0.02,0.1,82809,0.15
182,125,USADUK,듀크 에너지,107.67,2,1.22,1.15,82539,0.15
172,126,USAABNB,에어비앤비,132.28,5,-0.24,-0.18,80894,0.15
172,127,USACDNS,케이던스 디자인 시스템즈,300.5,5,-0.22,-0.07,80685,0.15
153,128,USACI,시그나,281,5,-3.58,-1.26,79762,0.15
144,129,USAWELL,웰타워,127,2,0.41,0.32,79000,0.15
136,130,USAAON,에이온,361.18,3,0,0,78428,0.14
127,131,USAPNC,PNC 파이낸셜 서비스,202,2,1.56,0.78,77654,0.14
242,132,USACTAS,신타스,195.7,3,0,0,77593,0.14
153,133,USAHCA,HCA 헬스케어,312.8313,2,6.5813,2.15,77455,0.14
280,134,USAMSI,모토로라 솔루션스,460.76,2,0.68,0.15,77015,0.14
87,135,USACMG,치폴레 멕시칸 그릴,57.41,2,0.04,0.07,76904,0.14
87,136,USAMAR,메리어트 인터내셔널,276.68,2,0.63,0.23,76818,0.14
172,137,USACTSH,코그니전트 테크놀로지 솔루션,77.78,3,0,0,76539,0.14
127,138,USAUSB,U.S. 뱅코프,51.73,2,0.83,1.63,76535,0.14
282,139,USADELL,델테크놀로지,109.6,2,0.37,0.34,76392,0.14
5,140,USAEOG,EOG 리소시스,137.3,2,0.24,0.18,76363,0.14
112,141,USAMDLZ,몬덜리즈 인터내셔널,56.79,2,0.15,0.26,76353,0.14
218,142,USAREGN,리제네론 파마슈티컬스,699,5,-4.43,-0.63,75919,0.14
172,143,USASNPS,시놉시스,507.392,2,0.202,0.04,75799,0.14
157,144,USAMCK,매케슨,584,2,0.55,0.09,75403,0.14
54,145,USAMMM,쓰리엠 (3M),137.72,5,-0.06,-0.04,74718,0.14
54,146,USAITW,일리노이 툴 웍스,253.8,3,0,0,74702,0.14
157,147,USAZTS,조에티스,166.341,5,-0.829,-0.5,74176,0.14
36,148,USATDG,트랜스다임 그룹,1293,5,-0.53,-0.04,73140,0.14
36,149,USAGD,제너럴 다이내믹스,266.5,2,0.41,0.15,72899,0.13
136,150,USAAJG,아서 J 갤러거 앤 코,290.19,3,0,0,72220,0.13
117,151,USACL,콜게이트-팜올리브,88.46,2,0.6,0.68,71627,0.13
172,152,USAFTNT,포티넷,92.99,5,-0.07,-0.08,70889,0.13
9,153,USAWMB,윌리엄스 컴퍼니즈,58.99,2,0.98,1.69,70775,0.13
127,154,USACOF,캐피털 원 파이낸셜,191.49,2,0.81,0.42,70420,0.13
202,155,USAORLY,오레일리 오토모티브,1204.04,3,0,0,69526,0.13
36,156,USANOC,노스롭 그루만,474,2,1.7,0.36,69278,0.13
14,157,USAAPD,에어 프로덕츠 앤 케미컬스,307,2,0.1,0.03,68485,0.13
150,158,USABDX,벡톤 디킨슨 앤 코,231.8,5,-0.79,-0.34,68383,0.13
236,159,USAEMR,에머슨 일렉트릭,120.65,5,-0.07,-0.06,68304,0.13
9,160,USAET,Energy Transfer,20.06,2,0.02,0.1,68238,0.13
244,161,USAFDX,페덱스,277.31,2,0.72,0.26,66864,0.12
14,162,USAECL,이콜랩,236.55,3,0,0,66231,0.12
172,163,USAWDAY,워크데이,248.53,5,-0.04,-0.02,65443,0.12
153,164,USACVS,CVS 헬스,52.2,2,0.06,0.12,64896,0.12
242,165,USARSG,리퍼블릭 서비스,209.76,3,0,0,64822,0.12
9,166,USAKMI,킨더 모건,29.5,2,0.06,0.2,64694,0.12
201,167,USATGT,타겟,135,2,0.47,0.35,62532,0.12
244,168,USACSX,CSX,32.52,2,0.06,0.18,61979,0.11
9,169,USAOKE,원오케이,106.88,3,0,0,61816,0.11
87,170,USARCL,로얄 캐리비안 크루즈,232.48,3,0,0,61768,0.11
172,171,USAADSK,오토데스크,290.82,5,-0.12,-0.04,61677,0.11
236,172,USACARR,캐리어 글로벌,68.01,5,-0.79,-1.15,61370,0.11
87,173,USAHLT,힐튼 월드와이드 홀딩스,245.08,2,1.16,0.48,59718,0.11
127,174,USATFC,트루이스트 파이낸셜,45.6,2,0.21,0.46,58291,0.11
136,175,USAMET,메트라이프,85.15,2,0.22,0.26,58045,0.11
182,176,USAVST,비스트라 에너지,169.4,2,0.23,0.14,58011,0.11
236,177,USAPCAR,파카,109.63,3,0,0,57777,0.11
144,178,USADLR,디지털 리얼티 트러스트,178.7178,2,3.8078,2.18,57681,0.11
136,179,USAAFL,애플랙,105.19,2,0.4,0.38,57580,0.11
229,180,USAFCX,프리포트 맥모란,40.02,5,-0.01,-0.03,56758,0.1
144,181,USASPG,사이먼 프로퍼티 그룹,174.3392,2,2.5892,1.51,56632,0.1
9,182,USASLB,슐럼버거,40.95,2,0.31,0.76,56302,0.1
71,183,USAGM,제너럴 모터스,51.7,3,0,0,56013,0.1
263,184,USABK,뱅크 오브 뉴욕 멜론,82,5,-0.04,-0.05,55214,0.1
172,185,USAROP,로퍼 테크놀로지스,517.95,5,-0.01,0,54760,0.1
172,186,USACPRT,코파트,56.4,3,0,0,54169,0.1
202,187,USAAZO,오토존,3228.5027,2,22.4527,0.7,54169,0.1
244,188,USANSC,노퍽서던,241.03,2,0.67,0.28,54125,0.1
136,189,USATRV,트래블러스 컴퍼니스,239.78,5,-0.2,-0.08,53787,0.1
163,190,USANXPI,NXP 세미콘덕터,217.45,2,3.89,1.82,53532,0.1
236,191,USAJCI,존슨 컨트롤스 인터내셔널,78.35,5,-1.09,-1.37,53113,0.1
236,192,USAGWW,W W 그레인저,1098.1568,3,0,0,52979,0.1
127,193,USANU,누 홀딩스,11.43,2,0.02,0.18,52439,0.1
5,194,USAFANG,다이아몬드백 에너지,179.77,2,0.21,0.12,51880,0.1
263,195,USAAMP,아메리프라이즈 파이낸셜,536.76,5,-0.49,-0.09,51094,0.09
242,196,USAPAYX,페이첵스,145.55,2,1.28,0.89,51024,0.09
144,197,USAPSA,퍼블릭 스토리지,290.49,3,0,0,50778,0.09
182,198,USAAEP,아메리칸 일렉트릭 파워 컴퍼니,94.6,5,-0.52,-0.55,50327,0.09
127,199,USAITUB,이타우 우니방쿠 홀딩 ADR,5.37,2,0.01,0.19,49942,0.09
71,200,USACMI,커민스,365.8788,2,5.0788,1.41,49938,0.09
188,201,USASRE,셈프라 에너지,82.9999,2,0.5799,0.7,49474,0.09
136,202,USAALL,올스테이트,191.8,2,3.77,2,49467,0.09
82,203,USALULU,룰루레몬 애슬레티카,376.88,2,0.22,0.06,49330,0.09
177,204,USACHTR,차터 커뮤니케이션,348.46,2,0.46,0.13,49240,0.09
202,205,USAROST,로스 스토어스,149.01,3,0,0,49199,0.09
5,206,USAOXY,옥시덴털 페트롤리움,52.77,2,0.07,0.13,48868,0.09
108,207,USAMNST,몬스터 베버리지,49.36,2,0.1,0.2,48723,0.09
5,208,USAPSX,필립스 66,119.025,2,0.025,0.02,48431,0.09
36,209,USAHWM,하우멧 에어로스페이스,122.34,2,0.48,0.39,48422,0.09
5,210,USAMPC,매러선 페트롤리엄,152,2,0.05,0.03,48021,0.09
242,211,USAURI,유나이티드 렌탈스,744.71,2,3.22,0.43,47895,0.09
172,212,USAFICO,페어 아이작,2130.51,2,100.04,4.93,47466,0.09
240,213,USAPWR,콴타 서비스,330.77,2,1.35,0.41,47219,0.09
144,214,USAO,리얼티 인컴,53.43,2,0.26,0.49,46517,0.09
197,215,USADHI,D R 호턴,146,2,0.59,0.41,45929,0.08
242,216,USAMSCI,MSCI,603.4,2,2.4,0.4,45909,0.08
229,217,USANEM,뉴몬트,41.66,2,0.29,0.7,45720,0.08
127,218,USADFS,디스커버 파이낸셜 서비스,189.3,2,1.76,0.94,45447,0.08
136,219,USAAIG,아메리칸 인터내셔널 그룹,73.7299,2,0.6599,0.9,45279,0.08
5,220,USAHES,헤스,148.9,5,-0.02,-0.01,45279,0.08
182,221,USAD,도미니언 에너지,53.61,5,-0.04,-0.07,45100,0.08
9,222,USABKR,베이커 휴즈,45.993,2,0.273,0.6,44597,0.08
263,223,USAXLF,Financial Select Sector SPDR ETF,49.67,2,0.19,0.38,44329,0.08
36,224,USAAXON,액손 엔터프라이스,589.5,2,9.5,1.64,44212,0.08
9,225,USATRGP,타르가 리소스,202,5,-3.5,-1.7,43913,0.08
263,226,USANDAQ,나스닥,77.32,2,0.34,0.44,43825,0.08
122,227,USAKR,크로거,59.08,2,0.39,0.66,43358,0.08
182,228,USAPCG,퍼시픽 가스 & 일렉트릭,17.34,2,0.47,2.79,43327,0.08
248,229,USADAL,델타 에어라인스,65.73,2,0.23,0.35,42775,0.08
288,230,USATEL,TE 커넥티비티,143.47,3,0,0,42750,0.08
5,231,USAVLO,발레로 에너지,137.8,5,-0.11,-0.08,42441,0.08
188,232,USAPEG,퍼블릭 서비스 엔터프라이즈,86.27,3,0,0,42379,0.08
236,233,USAFAST,패스널,75.35,2,1.08,1.45,42244,0.08
108,234,USAKDP,큐리그 닥터 페퍼,30.9699,5,-0.0001,0,42239,0.08
294,235,USAFIS,피델리티 내셔널 인포메이션 서비스,78.09,2,0.05,0.06,42180,0.08
117,236,USAKMB,킴벌리클라크,126.14,2,0.58,0.46,42079,0.08
150,237,USAEW,에드워즈 라이프사이언시스,69.55,5,-0.73,-1.04,41899,0.08
136,238,USAPRU,푸르덴셜 파이낸셜,120.1,2,0.04,0.03,41869,0.08
14,239,USACTVA,코르테바,59.8,5,-1.12,-1.84,41849,0.08
236,240,USAAME,아메텍,180.06,3,0,0,41438,0.08
127,241,USALYG,로이즈 뱅킹 그룹 ADR,2.8005,5,-0.0195,-0.69,41400,0.08
157,242,USAHLN,헤일리온 ADR,9.11,5,-0.0012,-0.01,41141,0.08
150,243,USAA,애질런트 테크놀로지스,143.39,2,1.16,0.82,40905,0.08
280,244,USAGRMN,가민,214.18,2,0.73,0.34,40761,0.08
36,245,USALHX,L3 해리스 테크놀러지,214.14,3,0,0,40757,0.08
288,246,USAGLW,코닝,48.96,2,0.15,0.31,40609,0.07
117,247,USAKVUE,켄뷰,20.91,2,0.06,0.29,40319,0.07
244,248,USAODFL,올드 도미니언 프라이트 라인,191.06,2,4.2,2.25,39202,0.07
71,249,USAF,포드 모터,9.96,2,0.01,0.1,38869,0.07
172,250,USAVRSK,베리스크 애널리틱스,273.81,3,0,0,38619,0.07
172,251,USAIT,가트너,509.28,3,0,0,38551,0.07
150,252,USAGEHC,GE HealthCare Technologies Inc,83.61,5,-0.05,-0.06,38436,0.07
143,253,USACBRE,CBRE 그룹,130.29,5,-1.01,-0.77,38224,0.07
182,254,USAEXC,엑셀론,38.6,2,0.58,1.53,38103,0.07
144,255,USACCI,크라운 캐슬,87.2,2,0.56,0.65,37666,0.07
172,256,USAEA,일렉트로닉 아츠,142.79,2,0.66,0.46,37177,0.07
294,257,USAHOOD,로빈후드 마켓츠,45.85,2,0.29,0.64,36914,0.07
229,258,USAVALE,발레 ADR,8.6,5,-0.16,-1.83,36799,0.07
182,259,USAXEL,엑셀 에너지,64.88,5,-0.06,-0.09,36797,0.07
197,260,USALEN,레나 Class A,138.57,3,0,0,36666,0.07
236,261,USAOTIS,오티스 월드와이드,92.25,3,0,0,36662,0.07
122,262,USASYY,시스코,75.75,2,1.75,2.36,36321,0.07
236,263,USAIR,잉가솔랜드,90.53,3,0,0,36029,0.07
218,264,USAIQV,아이큐비아 홀딩스,192.88,5,-3.22,-1.64,35929,0.07
248,265,USAUAL,유나이티드 에어라인스 홀딩스,105.57,2,0.61,0.58,35410,0.07
87,266,USAYUM,염 브랜즈,125.99,2,0.22,0.17,34803,0.06
112,267,USAKHC,크래프트 하인즈,29,2,0.27,0.94,34715,0.06
136,268,USAACGL,아치 캐피털 그룹,93.62,3,0,0,34610,0.06
25,269,USAVMC,벌칸 머티리얼스,270,2,1.81,0.67,34345,0.06
150,270,USAIDXX,아이덱스 래보라토리스,422.92,3,0,0,34279,0.06
236,271,USAWAB,웨스팅하우스 에어 브레이크 테크놀로지,199.78,5,-0.51,-0.25,34051,0.06
153,272,USAHUM,휴마나,278.92,5,-0.57,-0.2,34031,0.06
150,273,USARMD,레스메드,233.87,2,0.49,0.21,33591,0.06
182,274,USAETR,엔터지,79.3688,2,0.3788,0.48,33258,0.06
108,275,USASTZ,컨스텔레이션 브랜즈,180.73,2,0.01,0.01,33067,0.06
87,276,USALVS,라스베이거스 샌즈,44.21,2,0.01,0.02,32626,0.06
112,277,USAGIS,제너럴 밀즈,59.41,2,1.1,1.89,32401,0.06
127,278,USAMTB,M&T 뱅크,203.2499,2,2.3799,1.18,32357,0.06
263,279,USARJF,레이먼드 제임스 파이낸셜,162,2,0.6,0.37,32096,0.06
153,280,USACNC,센틴,63.15,3,0,0,32008,0.06
87,281,USACCL,카니발,24.85,5,-0.09,-0.36,31818,0.06
136,282,USAHIG,하트포드 파이낸셜 서비스 그룹,111.23,3,0,0,31711,0.06
25,283,USAMLM,마틴 마리에타 머터리얼스,532.29,2,1,0.19,31639,0.06
172,284,USATTWO,테이크-투 인터랙티브 소프트웨어,181.67,2,0.35,0.19,31618,0.06
182,285,USAED,콘솔리데이티드 에디슨,90.23,3,0,0,31588,0.06
136,286,USAWTW,윌리스 타워스 왓슨,304.64,5,-8.71,-2.78,31551,0.06
144,287,USAEXR,엑스트라 스페이스 스토리지,149.49,3,0,0,31549,0.06
14,288,USADD,듀폰,76.545,2,0.305,0.4,31463,0.06
112,289,USAHSY,허쉬,152.3,2,0.55,0.36,31427,0.06
82,290,USADECK,덱커 아웃도어,204,2,0.27,0.13,31317,0.06
236,291,USAROK,로크웰 오토메이션,275.74,5,-0.37,-0.13,31307,0.06
242,292,USAEFX,에퀴팩스,264.58,2,1.05,0.4,31278,0.06
144,293,USAAVB,아발론베이 커뮤니티,217.1,5,-0.01,0,31037,0.06
150,294,USADXCM,덱스컴,80.4,3,0,0,30923,0.06
172,295,USAEBAY,이베이,65.25,2,0.14,0.22,30852,0.06
282,296,USAHPQ,HP,32.93,2,0.14,0.43,30637,0.06
163,297,USAMCHP,마이크로칩 테크놀러지,57.16,2,0.16,0.28,30545,0.06
144,298,USAVICI,VICI 프라퍼티,28.88,2,0.12,0.42,30539,0.06
144,299,USAIRM,아이언 마운틴,103.75,5,-2.43,-2.29,30531,0.06
5,300,USATPL,텍사스 퍼시픽 랜드,1375.59,2,0.6,0.04,30517,0.06
259,301,USALYV,라이브 네이션 엔터테인먼트,133.37,3,0,0,30503,0.06
5,302,USAEQT,EQT,52.78,2,0.34,0.65,30245,0.06
157,303,USACAH,카디널 헬스,124.92,2,0.21,0.17,30016,0.06
182,304,USAWEC,WEC 에너지 그룹,96.2682,2,0.6982,0.73,29920,0.06
172,305,USAANSS,앤시스,343.07,3,0,0,29696,0.05
282,306,USAHPE,휴렛패커드 엔터프라이즈,23.35,2,0.05,0.21,29647,0.05
136,307,USABRO,브라운 & 브라운,102.58,5,-1.1,-1.06,29633,0.05
163,308,USAMPWR,모놀리식 파워 시스템즈,605.1,2,2.69,0.45,28772,0.05
127,309,USAFITB,피프스 서드 뱅코프,44.15,2,0.15,0.34,28759,0.05
229,310,USANUE,뉴코,123.12,2,0.04,0.03,28588,0.05
172,311,USACSGP,코스타 그룹,73.22,3,0,0,28537,0.05
288,312,USAKEYS,키사이트 테크놀로지스,165.6,2,0.26,0.16,28445,0.05
202,313,USATSCO,트랙터 서플라이,52.86,5,-0.24,-0.45,28408,0.05
108,314,USAABEV,암베브 ADR,1.8599,2,0.0099,0.54,28310,0.05
112,315,USAK,켈라노바,81.115,5,-0.075,-0.09,28068,0.05
14,316,USADOW,다우,40.56,2,0.16,0.4,28059,0.05
236,317,USAXYL,자일럼,116.09,3,0,0,28040,0.05
263,318,USASTT,스테이트 스트리트,100.9395,2,1.1695,1.17,27978,0.05
172,319,USAGDDY,고대디,210,2,10.83,5.44,27724,0.05
31,320,USASW,스머핏 웨스트락,53.1,3,0,0,27531,0.05
242,321,USAGPN,글로벌 페이먼츠,107.6082,5,-1.4118,-1.29,27510,0.05
280,322,USAERIC,텔레폰악티에볼라예트 에릭슨 ADR,8.5684,2,0.0284,0.33,27392,0.05
229,323,USAGOLD,바릭골드,15.95,2,0.11,0.69,27234,0.05
5,324,USACVE,세노버스 에너지,15.19,2,0.07,0.46,27214,0.05
259,325,USAWBD,워너 브로스 디스커버리,9.83,2,0.04,0.41,27148,0.05
14,326,USAPPG,PPG 인더스트리스,117.08,5,-0.49,-0.42,27034,0.05
236,327,USAFTV,포티브,78.37,2,0.49,0.63,26836,0.05
286,328,USAMTD,메틀러 톨레도 인터내셔널,1279.73,3,0,0,26829,0.05
242,329,USABR,브로드리지 파이낸셜 솔루션스,228.09,3,0,0,26547,0.05
144,330,USAEQR,에퀴티 레지덴셜,69.46,3,0,0,26524,0.05
117,331,USAEL,에스티 로더,74.23,5,-0.29,-0.39,26517,0.05
236,332,USADOV,도버,190.25,5,-0.49,-0.26,25901,0.05
117,333,USACHD,처치 & 드와이트,103.44,3,0,0,25793,0.05
127,334,USASYF,싱크로니 파이낸셜,68.8,2,0.69,1.01,25720,0.05
242,335,USAVLTO,베랄토,101.19,5,-1.36,-1.33,25316,0.05
242,336,USACPAY,콜페이,362.23,3,0,0,24985,0.05
197,337,USANVR,NVR,8310.41,2,51.33,0.62,24951,0.05
263,338,USATROW,티 로웨 프라이스 그룹,114.7233,2,1.4033,1.24,24906,0.05
300,339,USACDW,CDW,187.5,2,0.04,0.02,24861,0.05
9,340,USAHAL,할리버튼,29.05,2,0.14,0.48,24773,0.05
182,341,USADTE,DTE 에너지,120.61,3,0,0,24734,0.05
112,342,USAADM,아처 대니얼스 미들랜드,51.33,2,0.19,0.37,24496,0.05
14,343,USALYB,라이온델바젤 인더스트리스,76.86,2,0.78,1.03,24457,0.05
5,344,USADVN,데번 에너지,38.4,5,-0.03,-0.08,24423,0.05
172,345,USATYL,타일러 테크놀로지스,571.7,5,-0.18,-0.03,24406,0.05
144,346,USAVTR,벤타스,58.05,3,0,0,24373,0.04
127,347,USAHBAN,헌팅턴 뱅크셰어스,17.0609,2,0.0209,0.12,24102,0.04
150,348,USAWAT,워터스,397.2,5,-0.5,-0.13,24043,0.04
186,349,USAAWK,아메리칸 워터 웍스,125.01,2,1.48,1.2,23878,0.04
188,350,USAAEE,애머런,90.22,5,-0.9,-0.99,23863,0.04
150,351,USAWST,웨스트 파마슈티컬 서비시즈,328.1,5,-0.91,-0.28,23824,0.04
282,352,USANTAP,넷앱,120,2,0.64,0.54,23723,0.04
188,353,USAPPL,PPL,32.11,3,0,0,23600,0.04
87,354,USAEXPE,익스피디아그룹,187,2,0.48,0.26,23511,0.04
163,355,USAON,온 세미콘덕터,55.41,2,0.18,0.33,23495,0.04
197,356,USAPHM,풀티 그룹,116.76,2,0.79,0.68,23071,0.04
236,357,USAHUBB,허벨,428.93,3,0,0,22982,0.04
242,358,USAROL,롤린스,47,5,-0.01,-0.02,22689,0.04
182,359,USAEIX,에디슨 인터내셔널,61.5,2,0.2,0.33,22621,0.04
182,360,USAFE,퍼스트에너지,39.22,3,0,0,22574,0.04
236,361,USALII,레녹스 인터내셔널,629.43,5,-1.33,-0.21,22361,0.04
136,362,USAWRB,W. R. 버클리,59.94,3,0,0,22326,0.04
172,363,USAPTC,PTC,184,5,-1.37,-0.74,22325,0.04
259,364,USAFOXA,폭스 Class A,48.55,2,0.01,0.02,22297,0.04
184,365,USAATO,애트모스 에너지,141.08,3,0,0,21867,0.04
163,366,USATER,테라다인,134.98,2,0.05,0.04,21852,0.04
127,367,USARF,리전스 파이낸셜,25.3,2,0.6,2.43,21812,0.04
136,368,USACINF,신시내티 파이낸셜,141.24,3,0,0,21804,0.04
288,369,USATDY,텔레다인 테크놀로지스,468.98,3,0,0,21713,0.04
282,370,USAWDC,웨스턴 디지털,64.6392,2,0.0092,0.01,21689,0.04
112,371,USAIFF,인터내셔널 플레이버스 & 프레그런스,84.52,2,0.35,0.42,21392,0.04
87,372,USADRI,다든 레스토랑,180.06,5,-0.77,-0.43,21325,0.04
5,373,USACTRA,코테라 에너지,29.13,2,0.07,0.24,21253,0.04
144,374,USAWY,와이어하우저,29.59,2,0.03,0.1,21041,0.04
144,375,USASBAC,SBA 커뮤니케이션스,196.65,5,-0.58,-0.29,20969,0.04
136,376,USAERIE,이리 인뎀니티,400.18,3,0,0,20904,0.04
31,377,USAPKG,패키징 코퍼레이션 오브 아메리카,235.41,2,0.21,0.09,20893,0.04
157,378,USABIIB,바이오젠,140.91,5,-0.09,-0.06,20846,0.04
150,379,USAZBH,짐머 바이오멧 홀딩스,105.51,5,-1,-0.94,20845,0.04
188,380,USACNP,센터포인트 에너지,31.87,3,0,0,20763,0.04
127,381,USABBD,방쿠 브라데스쿠 우선주 ADR,1.9882,5,-0.0218,-1.08,20606,0.04
182,382,USAES,에버소스 에너지,57.38,2,0.77,1.36,20511,0.04
150,383,USASTE,스테리스,206.66,3,0,0,20488,0.04
172,384,USALDOS,레이도스 홀딩스,155.01,5,-0.24,-0.15,20383,0.04
288,385,USAZBRA,지브라 테크놀로지스,401.5,2,1.25,0.31,20343,0.04
182,386,USANRG,NRG 에너지,104.18,2,0.11,0.11,20214,0.04
263,387,USANTRS,노던 트러스트,106.12,3,0,0,20144,0.04
127,388,USACFG,시티즌스 파이낸셜 그룹,47.28,2,0.2,0.42,20140,0.04
172,389,USAVRSN,베리사인,210.4,2,0.3,0.14,20084,0.04
248,390,USALUV,사우스웨스트 에어라인스,32.05,5,-0.75,-2.29,19869,0.04
191,391,USAFSLR,퍼스트 솔라,187.79,2,0.97,0.52,19843,0.04
112,392,USATSN,타이슨 푸드,55.25,5,-0.51,-0.91,19753,0.04
117,393,USACLX,크로락스,157.87,5,-0.43,-0.27,19684,0.04
153,394,USALH,랩코프 홀딩스,237.3,3,0,0,19613,0.04
188,395,USACMS,CMS 에너지,66.61,3,0,0,19588,0.04
282,396,USASTX,씨게이트 테크놀로지 홀딩스,93.85,5,-0.49,-0.52,19297,0.04
112,397,USAMKC,맥코믹 앤 컴퍼니 무의결권주,71.78,3,0,0,19292,0.04
31,398,USAIP,인터내셔널 페이퍼,55.58,5,-0.08,-0.14,19253,0.04
172,399,USASNAP,스냅,11.75,5,-0.09,-0.76,19019,0.04
144,400,USAINVH,인비테이션 홈스,30.54,2,0.04,0.13,18947,0.03
229,401,USASTLD,스틸 다이내믹스,125.65,2,0.51,0.41,18805,0.03
202,402,USAULTA,울타 뷰티,406.73,5,-0.65,-0.16,18737,0.03
150,403,USAPODD,인슐릿,258,5,-6.38,-2.41,18731,0.03
244,404,USAJBHT,J.B 헌트 운송 서비스,186,5,-0.55,-0.29,18312,0.03
144,405,USAESS,에섹스 프로퍼티 트러스트,282.85,3,0,0,18281,0.03
136,406,USAL,로우스,85.09,2,0.29,0.34,18169,0.03
263,407,USAPFG,프린시펄 파이낸셜 그룹,80.08,3,0,0,18032,0.03
282,408,USASMCI,슈퍼 마이크로 컴퓨터,31.35,2,0.36,1.16,17877,0.03
236,409,USASNA,스냅-온,345.45,5,-0.67,-0.19,17862,0.03
150,410,USACOO,쿠퍼 컴퍼니스,90.68,3,0,0,17784,0.03
197,411,USABLDR,빌더스 퍼스트소스,162,2,0.46,0.28,17751,0.03
202,412,USABBY,베스트 바이,83.22,2,0.01,0.01,17702,0.03
144,413,USAMAA,미드아메리카 아파트 커뮤니티,148,5,-1.46,-0.98,17692,0.03
172,414,USAGRAB,그랩 홀딩스,4.52,2,0.06,1.35,17557,0.03
172,415,USATRMB,트림블,72.73,2,0.01,0.01,17475,0.03
288,416,USAJBL,자빌,163.85,2,5.68,3.59,17420,0.03
127,417,USAKEY,키코프,18.18,2,0.04,0.22,17327,0.03
242,418,USAFDS,팩트셋 리서치 시스템즈,453.98,3,0,0,17272,0.03
188,419,USANI,나이소스,36.91,2,0.005,0.01,17144,0.03
144,420,USAARE,알렉산드리아 리얼에스테이트 이쿼티,98.43,3,0,0,17093,0.03
153,421,USADGX,퀘스트 다이아그노스틱스,150,5,-0.33,-0.22,17074,0.03
153,422,USAMOH,몰리나 헬스케어,287,5,-1.18,-0.41,16818,0.03
242,423,USAJ,제이콥스 솔루션스,136.22,3,0,0,16760,0.03
172,424,USAGEN,젠 디지털,27.8168,2,0.2468,0.9,16723,0.03
259,425,USAOMC,옴니콤 그룹,85.57,2,0.07,0.08,16647,0.03
236,426,USAPNR,펜테어,101.57,3,0,0,16566,0.03
14,427,USACF,CF 인더스트리스 홀딩스,96.8,2,0.43,0.45,16530,0.03
112,428,USAHRL,호멜 푸즈,30.75,2,1.15,3.89,16475,0.03
197,429,USAMAS,매스코,77.09,3,0,0,16363,0.03
108,430,USABF.B,브라운-포맨 Class B,39.631,2,0.02,0.06,16278,0.03
71,431,USAGPC,제뉴인 파츠,117.55,2,0.17,0.14,16270,0.03
236,432,USAIEX,아이덱스,214.53,3,0,0,16245,0.03
31,433,USABALL,볼,53.85,5,-0.41,-0.76,16228,0.03
150,434,USAHOLX,홀로직,69.75,2,1,1.45,15931,0.03
202,435,USATPR,태피스트리,67.65,3,0,0,15767,0.03
127,436,USASOFI,소파이 테크놀로지스,15.69,2,0.18,1.16,15734,0.03
150,437,USAALGN,얼라인 테크놀로지,216.5,2,0.72,0.33,15711,0.03
259,438,USANWSA,뉴스 코퍼레이션 Class A,27.56,3,0,0,15667,0.03
150,439,USABAX,박스터 인터내셔널,30.64,2,0.43,1.42,15630,0.03
244,440,USAEXPD,익스페디터스 인터내셔널 오브 워싱턴,111.45,3,0,0,15570,0.03
136,441,USAEG,에베레스트 그룹,357.9,2,0.01,0,15400,0.03
201,442,USADG,달러 제너럴,68.84,2,0.27,0.39,15258,0.03
31,443,USAAVY,에이버리 데니슨,190.23,3,0,0,15210,0.03
172,444,USAFFIV,F5,263.04,2,0.74,0.28,15129,0.03
201,445,USADLTR,달러 트리,70.74,2,0.4,0.57,15089,0.03
144,446,USAKIM,킴코 리얼티,21.6,5,-0.43,-1.95,14836,0.03
182,447,USALNT,얼라이언트 에너지,59,2,0.53,0.91,14828,0.03
82,448,USARL,랄프 로렌,237.8,2,1.08,0.46,14750,0.03
150,449,USARVTY,레비티,119.48,2,0.53,0.45,14693,0.03
163,450,USASWKS,스카이웍스 솔루션스,92.28,3,0,0,14643,0.03
36,451,USATXT,텍스트론,77.61,5,-0.95,-1.21,14477,0.03
71,452,USAAPTV,앱티브,60.6,5,-0.29,-0.48,14447,0.03
87,453,USADPZ,도미노스 피자,414.69,2,0.76,0.18,14369,0.03
144,454,USADOC,헬스피크 프로퍼티스,20.51,2,0.19,0.94,14086,0.03
182,455,USAEVRG,에버지,62.02,2,0.34,0.55,14076,0.03
157,456,USAVTRS,비아트리스,11.4,2,0.01,0.09,13988,0.03
157,457,USAINCY,인사이트,72.5,2,0.04,0.06,13857,0.03
263,458,USASLV,iShares Silver Trust ETF,27.9,5,-0.06,-0.21,13770,0.03
31,459,USAAMCR,앰코,9.6975,2,0.0875,0.91,13759,0.03
71,460,USARIVN,리비안 오토모티브,14.33,2,0.39,2.8,13615,0.03
172,461,USAAKAM,아카마이 테크놀로지,90.66,2,0.14,0.15,13607,0.03
144,462,USAUDR,UDR,41.04,3,0,0,13591,0.03
157,463,USAITCI,인트라 셀룰라 테라퓨틱스,126.59,5,-0.12,-0.09,13452,0.02
153,464,USADVA,다비타,162.3,5,-0.06,-0.04,13284,0.02
218,465,USAMRNA,모더나,34.79,2,0.02,0.06,13260,0.02
229,466,USAKGC,킨로스 골드,10.67,2,0.01,0.09,13028,0.02
81,467,USAPOOL,풀,329.475,5,-15.095,-4.38,12926,0.02
172,468,USAEPAM,이팸 시스템즈,228.74,3,0,0,12864,0.02
144,469,USAREG,리젠시 센터스,71.17,3,0,0,12825,0.02
280,470,USAJNPR,주니퍼 네트웍스,38.7,2,0.03,0.08,12742,0.02
236,471,USASWK,스탠리 블랙 & 데커,83.4,2,0.01,0.01,12696,0.02
172,472,USAJKHY,잭 헨리 & 어소시에이츠,171.97,3,0,0,12575,0.02
112,473,USACAG,콘아그라 브랜즈,25.51,3,0,0,12434,0.02
202,474,USAKMX,카맥스,80.28,3,0,0,12237,0.02
244,475,USACHRW,CH 로빈슨 월드와이드,103.03,3,0,0,12156,0.02
153,476,USAUHS,유니버셜 헬스 서비스,182.42,5,-1.17,-0.64,12148,0.02
150,477,USASOLV,솔벤텀,71.79,5,-0.24,-0.33,12125,0.02
144,478,USAHST,호스트 호텔스 & 리조트,17.32,3,0,0,12079,0.02
36,479,USARKLB,로켓 랩 USA,25.08,2,0.21,0.84,12077,0.02
144,480,USACPT,캠든 프로퍼티 트러스트,111.84,3,0,0,12003,0.02
248,481,USAAAL,아메리칸 에어라인스 그룹,18.1,2,0.03,0.17,11966,0.02
218,482,USATECH,바이오-테크네,75.13,3,0,0,11873,0.02
236,483,USANDSN,노드슨,211.48,3,0,0,11825,0.02
172,484,USAPAYC,페이콤 소프트웨어,206.23,2,0.88,0.43,11720,0.02
112,485,USACPB,캠벨스,38.672,5,-0.018,-0.05,11586,0.02
87,486,USANCLH,노르웨이지안 크루즈 라인 홀딩스,26.1,2,0.08,0.31,11432,0.02
280,487,USAALLE,얼리지언,130.93,3,0,0,11279,0.02
108,488,USATAP,몰슨 쿠어스 베버리지 Class B,54.47,3,0,0,11164,0.02
172,489,USADAY,데이포스,70.1783,3,0,0,11117,0.02
144,490,USABXP,BXP,70.7423,5,-1.2577,-1.75,11113,0.02
172,491,USAAUR,오로라 이노베이션,6.7499,2,0.0699,1.05,11015,0.02
112,492,USABG,번지 글로벌,80.49,2,0.05,0.06,10893,0.02
14,493,USAALB,앨버말,95.39,2,0.24,0.25,10887,0.02
112,494,USASJM,J.M.스머커,101.53,2,1.01,1,10844,0.02
14,495,USAEMN,이스트만 케미컬,92,3,0,0,10655,0.02
122,496,USAWBA,월그린스 부츠 얼라이언스,12.55,2,0.02,0.16,10569,0.02
136,497,USAAIZ,어슈런트,209.02,3,0,0,10500,0.02
236,498,USAAOS,A O 스미스,71.45,2,0.5,0.7,10330,0.02
263,499,USABEN,프랭클린 리소시스,19.87,2,0.24,1.22,10170,0.02
259,500,USAIPG,인터퍼블릭 그룹 오브 컴퍼니스,27.78,3,0,0,10169,0.02
87,501,USAMGM,MGM 리조트 인터내셔널,33.05,2,0.05,0.15,9855,0.02
71,502,USALKQ,LKQ,37.82,3,0,0,9693,0.02
136,503,USAGL,글로브 라이프,116.18,3,0,0,9572,0.02
236,504,USAGNRC,제네락 홀딩스,163.55,2,3.41,2.13,9549,0.02
182,505,USAPNW,피너클 웨스트 캐피털,84.41,3,0,0,9464,0.02
5,506,USAAPA,APA (US),25.55,2,0.1,0.39,9193,0.02
218,507,USACRL,찰스 리버 래보라토리스 인터내셔널,176.99,2,3.08,1.77,9106,0.02
87,508,USAWYNN,윈 리조트,82.97,2,0.56,0.68,8982,0.02
71,509,USALCID,루시드 그룹,3.04,3,0,0,8914,0.02
150,510,USAHSIC,헨리 셰인,71.15,3,0,0,8886,0.02
191,511,USAENPH,인페이즈 에너지,66.21,2,0.38,0.58,8842,0.02
144,512,USAFRT,페더럴 리얼티 인베스트먼트 트러스트,104.02,3,0,0,8833,0.02
14,513,USAMOS,모자이크,27.02,3,0,0,8620,0.02
172,514,USADJT,트럼프 미디어 & 테크놀로지 그룹,41.35,2,0.52,1.27,8535,0.02
112,515,USALW,램 웨스턴 홀딩스,59.3,2,0.28,0.47,8532,0.02
71,516,USANIO,니오 ADR,4.15,2,0.05,1.22,8515,0.02
182,517,USAAES,AES,11.86,2,0.09,0.76,8425,0.02
150,518,USATFX,텔레플렉스,176.55,3,0,0,8321,0.02
144,519,USAAGNC,AGNC 인베스트먼트,9.38,5,-0.01,-0.11,8183,0.02
263,520,USAMKTX,마켓액세스 홀딩스,219.31,2,1.49,0.68,8167,0.02
172,521,USAMTCH,매치 그룹,32.1,2,0.03,0.09,7957,0.01
257,522,USAMHK,모호크 인더스트리스,130.06,3,0,0,7926,0.01
81,523,USAHAS,해즈브로,56.22,2,0.06,0.11,7898,0.01
25,524,USACX,시멕스 ADR,5.59,2,0.03,0.54,7834,0.01
14,525,USACE,셀라니즈 코퍼레이션,71,5,-0.01,-0.01,7761,0.01
36,526,USAHII,헌팅턴 잉걸스 인더스트리즈,198.12,5,-0.58,-0.29,7725,0.01
263,527,USAIVZ,인베스코,17.05,3,0,0,7451,0.01
259,528,USAPARA,파라마운트 글로벌 Class B,10.49,2,0.05,0.48,7116,0.01
87,529,USACZR,시저스 엔터테인먼트,33.69,2,0.31,0.93,7052,0.01
71,530,USABWA,보그워너,32.3,3,0,0,6967,0.01
14,531,USAFMC,FMC,53.41,5,-0.05,-0.09,6679,0.01
172,532,USAIONQ,아이온큐,40.69,2,1.3,3.3,6385,0.01
14,533,USAALTM,아르카듐 리튬,5.7,5,-0.01,-0.18,6131,0.01
294,534,USAMARA,마라 홀딩스,18.3,2,0.15,0.83,5891,0.01
270,535,USAPSLV,SPROTT PHYSICAL SILVER ETV,10.27,5,-0.03,-0.29,5210,0.01
229,536,USACLF,클리블랜드-클리프스,10.35,2,0.11,1.07,5048,0.01
242,537,USADNB,던 & 브래드스트리트 홀딩스,11.48,2,0.25,2.23,4896,0.01
172,538,USASOUN,사운드하운드 AI,14.14,2,0.25,1.8,4729,0.01
294,539,USAETHE,GRAYSCALE ETHEREUM TRUST ETF,28.16,5,-0.6,-2.09,4521,0.01
294,540,USARIOT,라이엇 플랫폼즈,13.47,2,0.01,0.07,4209,0.01
36,541,USAACHR,아처 에비에이션,8.95,2,0.16,1.82,4021,0.01
9,542,USARIG,트랜스오션,4.28,3,0,0,3564,0.01
229,543,USAHL,헤클라 마이닝,5.4208,2,0.0108,0.2,3433,0.01
81,544,USAPTON,펠로튼 인터랙티브,9.02,2,0.05,0.56,3330,0.01
242,545,USAHEES,H&E 이큅먼트 서비시스,89.0354,2,0.0354,0.04,3305,0.01
229,546,USAIAG,아이엠골드,5.34,3,0,0,3176,0.01
294,547,USACLSK,클린스파크,11.22,2,0.02,0.18,3028,0.01
71,548,USAQS,퀀텀스케이프,5.39,2,0.08,1.51,2690,0
248,549,USAJBLU,제트블루 에어웨이스,7.775,2,0.045,0.58,2667,0
218,550,USARXRX,리커젼 파마슈티컬스,6.54,2,0.12,1.87,2469,0
191,551,USAPLUG,플러그 파워,2.8,2,0.09,3.32,2423,0
144,552,USAMPW,메디컬 프로퍼티즈 트러스트,4.1203,5,-0.0097,-0.23,2419,0
172,553,USABB,블랙베리,4.1501,2,0.0101,0.24,2366,0
163,554,USARGTI,리케티 컴퓨팅,11.6,2,0.66,6.03,2168,0
294,555,USAWULF,테라울프,6.24,2,0.06,0.97,2131,0
294,556,USAAPLD,어플라이드 디지털,8.35,5,-0.02,-0.24,1804,0
218,557,USAIOVA,이오밴스 바이오테라퓨틱스,6,2,0.09,1.52,1795,0
218,558,USAGERN,제론,3.01,3,0,0,1777,0
225,559,USADNN,데니슨 마인스,1.95,3,0,0,1705,0
172,560,USAFUBO,푸보티비,3.9,5,-0.03,-0.76,1272,0
87,561,USAAMC,AMC 엔터테인먼트 홀딩스,3.57,2,0.06,1.71,1217,0
157,562,USATLRY,틸레이 브랜즈,1.1797,5,-0.0003,-0.03,1092,0
172,563,USAQBTS,D-웨이브 퀀텀,6.15,2,0.36,6.22,1066,0
143,564,USAOPEN,오픈도어 테크놀로지스,1.53,2,0.02,1.32,979,0
172,565,USAQUBT,퀀텀 컴퓨팅,12.9,2,1.35,11.69,958,0
242,566,USASERV,서브 로보틱스,18.67,2,0.18,0.97,920,0
172,567,USABBAI,빅베어 에이아이 홀딩스,3.98,2,0.59,17.4,796,0
163,568,USAWOLF,울프스피드,6.7,2,0.02,0.3,615,0
236,569,USAKULR,KULR 테크놀로지 그룹,2.3,3,0,0,555,0
150,570,USAPACB,퍼시픽 바이오사이언시스 오브 캘리포니아,1.8199,2,0.0749,4.29,506,0
236,571,USACHPT,차지포인트 홀딩스,1.11,3,0,0,460,0
218,572,USAQSI,퀀텀-Si,2.63,2,0.28,11.91,368,0
163,573,USALAES,실스크,4.83,2,0.27,5.92,366,0
236,574,USASES,SES AI,0.88,2,0.0501,6.04,295,0
36,575,USAARBE,아브 로보틱스,3.28,2,0.01,0.31,274,0
257,576,USARR,리치테크 로보틱스,2.87,3,0,0,248,0
244,577,USAJYD,제이유드 글로벌 로지스틱스,2.38,5,-0.03,-1.24,221,0
172,578,USATDUP,스레드업,2.29,2,0.03,1.33,215,0
191,579,USASTEM,스템,0.8159,2,0.0499,6.51,136,0
236,580,USANNBR,NN,2.7262,5,-0.0138,-0.5,134,0
191,581,USAOPTT,오션 파워 테크놀로지스,0.8512,5,-0.0072,-0.84,129,0
218,582,USAPIII,P3 헬스 파트너스,0.2,5,-0.01,-4.76,81,0
236,583,USAGTI,그래프젯 테크놀로지,0.47,5,-0.01,-2.08,68,0
229,584,USALODE,콤스톡,0.3034,2,0.0034,1.13,62,0
229,585,USALITM,스노우 레이크 리소시스,0.89,2,0.01,1.14,61,0
172,586,USACTM,카스텔럼,1,3,0,0,58,0
157,587,USATNXP,토닉스 파마슈티컬스 홀딩,0.273,2,0.0407,17.52,42,0
172,588,USAVRME,베리파이미,4.1988,5,-0.0412,-0.97,33,0
172,589,USAAIFF,파이어플라이 뉴로사이언스,3.76,2,0.06,1.62,26,0
150,590,USADRIO,다리오헬스,0.73,5,-0.0101,-1.36,23,0
218,591,USAERNA,이터나 테라퓨틱스,0.3902,5,-0.0456,-10.46,23,0
172,592,USACYN,신젠,0.6,5,-0.008,-1.32,17,0
71,593,USASVMH,스리바루 홀딩스,0.787,5,-0.1293,-14.11,16,0
236,594,USAKITT,노티커스 로보틱스,3.06,5,-0.04,-1.29,12,0
218,595,USACDT,콘딧 파마슈티컬스,0.0816,5,-0.0034,-4,11,0
157,596,USAEYEN,아이노비아,0.0644,5,-0.0015,-2.28,9,0
218,597,USACNSP,CNS 파마슈티컬스,0.11,2,0.001,0.92,8,0
172,598,USAHOLO,마이크로클라우드 홀로그램,1.8899,5,-0.0001,-0.01,7,0
282,599,USARIME,알고리즘 홀딩스,0.0429,5,-0.0073,-14.54,7,0
218,600,USAMBIO,머스탱 바이오,0.115,5,-0.0106,-8.44,7,0
25,601,USACRKN,크라운 일렉트로키네틱스,0.0789,2,0.0038,5.06,5,0
242,602,USASTAF,스태핑 360 솔루션스,3.21,5,-0.07,-2.13,4,0
81,603,USABHAT,Blue Hat,0.0628,5,-0.0018,-2.79,3,0
218,604,USAMTNB,마티나스 바이오팜 홀딩스,0.5701,5,-0.0154,-2.63,3,0
112,605,USAXXII,22세기 그룹,7.2201,5,-0.4999,-6.48,3,0
117,606,USAADD,컬러 스타 테크놀로지,1.7705,5,-0.0095,-0.53,3,0
201,607,USAWNW,메이우 테크놀로지,0.373,5,-0.0144,-3.72,3,0
218,608,USAGCTK,글루코 트랙,0.071,5,-0.008,-10.13,1,0
218,609,USAADTX,애디텍스트,0.1339,2,0.0029,2.21,1,0
191,610,USASPI,SPI 에너지,0,3,0,0,0,0
197,610,USANMHI,네이처스 미라클 홀딩,0,3,0,0,0,0
229,610,USABTG,B2골드,2.45,2,0.01,0.41,0,0
54,610,USABRK.B,버크셔 해서웨이 Class B,458.01,5,-0.5,-0.11,0,0
229,610,USAAG,퍼스트 머제스틱 실버,5.63,5,-0.01,-0.18,0,0
294,610,USABITF,비트팜즈,1.6799,2,0.0099,0.59,0,0
5,610,USAVRN,베렌,5.48,5,-0.03,-0.54,0,0
259,610,USANWS,뉴스 코퍼레이션 Class B,30.49,3,0,0,0,0
172,610,USAGOOG,알파벳 Class C,196.66,5,-0.32,-0.16,0,0
259,610,USAFOX,폭스 Class B,46.18,3,0,0,0,0
5,610,USABTE,배이텍스 에너지,2.71,5,-0.04,-1.45,0,0